"engine","n_per_arm","seconds"
"robustness_analysis (Welch)",50,0.532207012176514
"robustness_lm (ANCOVA)",50,0.979319095611572
"robustness_glm (binomial)",50,1.61816906929016
"robustness_surv (Cox)",50,1.64442086219788
"robustness_tost (mean equivalence)",50,0.765511989593506
"robustness_analysis (Welch)",150,1.43315505981445
"robustness_lm (ANCOVA)",150,4.22061800956726
"robustness_glm (binomial)",150,8.02901101112366
"robustness_surv (Cox)",150,6.17338395118713
"robustness_tost (mean equivalence)",150,1.48444104194641
