"scenario_id","design_layer","truth_class","sample_size","draws","seed","target","achieved","abs_error","tolerance","pass","used_robustness_score"
"lm_ancova_v2_core_n160_r2_10_borderline","core","borderline",160,10000,20260806,0.6,0.5984,0.00159999999999993,0.02,TRUE,FALSE
"lm_ancova_v2_core_n160_r2_10_clear","core","clear",160,10000,20260807,0.9,0.8996,0.000400000000000067,0.02,TRUE,FALSE
"lm_ancova_v2_core_n160_r2_10_null","core","null",160,10000,20260808,0.05,0.0483,0.0017,0.02,TRUE,FALSE
"lm_ancova_v2_core_n160_r2_40_borderline","core","borderline",160,10000,20260809,0.6,0.5999,9.9999999999989e-05,0.02,TRUE,FALSE
"lm_ancova_v2_core_n160_r2_40_clear","core","clear",160,10000,20260810,0.9,0.8982,0.00180000000000002,0.02,TRUE,FALSE
"lm_ancova_v2_core_n160_r2_40_null","core","null",160,10000,20260811,0.05,0.049,0.001,0.02,TRUE,FALSE
"lm_ancova_v2_core_n160_r2_70_borderline","core","borderline",160,10000,20260812,0.6,0.6001,9.9999999999989e-05,0.02,TRUE,FALSE
"lm_ancova_v2_core_n160_r2_70_clear","core","clear",160,10000,20260813,0.9,0.9026,0.00259999999999994,0.02,TRUE,FALSE
"lm_ancova_v2_core_n160_r2_70_null","core","null",160,10000,20260814,0.05,0.0518,0.0018,0.02,TRUE,FALSE
"lm_ancova_v2_core_n40_r2_10_borderline","core","borderline",40,10000,20260815,0.6,0.592,0.00800000000000001,0.02,TRUE,FALSE
"lm_ancova_v2_core_n40_r2_10_clear","core","clear",40,10000,20260816,0.9,0.8925,0.00750000000000006,0.02,TRUE,FALSE
"lm_ancova_v2_core_n40_r2_10_null","core","null",40,10000,20260817,0.05,0.0511,0.0011,0.02,TRUE,FALSE
"lm_ancova_v2_core_n40_r2_40_borderline","core","borderline",40,10000,20260818,0.6,0.5904,0.00959999999999994,0.02,TRUE,FALSE
"lm_ancova_v2_core_n40_r2_40_clear","core","clear",40,10000,20260819,0.9,0.894,0.006,0.02,TRUE,FALSE
"lm_ancova_v2_core_n40_r2_40_null","core","null",40,10000,20260820,0.05,0.0484,0.0016,0.02,TRUE,FALSE
"lm_ancova_v2_core_n40_r2_70_borderline","core","borderline",40,10000,20260821,0.6,0.585,0.015,0.02,TRUE,FALSE
"lm_ancova_v2_core_n40_r2_70_clear","core","clear",40,10000,20260822,0.9,0.8922,0.00780000000000003,0.02,TRUE,FALSE
"lm_ancova_v2_core_n40_r2_70_null","core","null",40,10000,20260823,0.05,0.0471,0.0029,0.02,TRUE,FALSE
"lm_ancova_v2_core_n80_r2_10_borderline","core","borderline",80,10000,20260824,0.6,0.5968,0.00319999999999998,0.02,TRUE,FALSE
"lm_ancova_v2_core_n80_r2_10_clear","core","clear",80,10000,20260825,0.9,0.8957,0.00429999999999997,0.02,TRUE,FALSE
"lm_ancova_v2_core_n80_r2_10_null","core","null",80,10000,20260826,0.05,0.0523,0.0023,0.02,TRUE,FALSE
"lm_ancova_v2_core_n80_r2_40_borderline","core","borderline",80,10000,20260827,0.6,0.5888,0.0112,0.02,TRUE,FALSE
"lm_ancova_v2_core_n80_r2_40_clear","core","clear",80,10000,20260828,0.9,0.9017,0.00169999999999992,0.02,TRUE,FALSE
"lm_ancova_v2_core_n80_r2_40_null","core","null",80,10000,20260829,0.05,0.0535,0.0035,0.02,TRUE,FALSE
"lm_ancova_v2_core_n80_r2_70_borderline","core","borderline",80,10000,20260830,0.6,0.5863,0.0136999999999999,0.02,TRUE,FALSE
"lm_ancova_v2_core_n80_r2_70_clear","core","clear",80,10000,20260831,0.9,0.893,0.00700000000000001,0.02,TRUE,FALSE
"lm_ancova_v2_core_n80_r2_70_null","core","null",80,10000,20260832,0.05,0.0499,0.000100000000000003,0.02,TRUE,FALSE
"lm_ancova_v2_validation_n120_r2_25_borderline","validation","borderline",120,10000,20260833,0.6,0.6004,0.000400000000000067,0.02,TRUE,FALSE
"lm_ancova_v2_validation_n120_r2_25_clear","validation","clear",120,10000,20260834,0.9,0.9031,0.00309999999999999,0.02,TRUE,FALSE
"lm_ancova_v2_validation_n120_r2_25_null","validation","null",120,10000,20260835,0.05,0.0501,9.99999999999959e-05,0.02,TRUE,FALSE
"lm_ancova_v2_validation_n120_r2_55_borderline","validation","borderline",120,10000,20260836,0.6,0.602,0.002,0.02,TRUE,FALSE
"lm_ancova_v2_validation_n120_r2_55_clear","validation","clear",120,10000,20260837,0.9,0.892,0.00800000000000001,0.02,TRUE,FALSE
"lm_ancova_v2_validation_n120_r2_55_null","validation","null",120,10000,20260838,0.05,0.0467,0.0033,0.02,TRUE,FALSE
"lm_ancova_v2_validation_n240_r2_25_borderline","validation","borderline",240,10000,20260839,0.6,0.5934,0.00659999999999994,0.02,TRUE,FALSE
"lm_ancova_v2_validation_n240_r2_25_clear","validation","clear",240,10000,20260840,0.9,0.8957,0.00429999999999997,0.02,TRUE,FALSE
"lm_ancova_v2_validation_n240_r2_25_null","validation","null",240,10000,20260841,0.05,0.049,0.001,0.02,TRUE,FALSE
"lm_ancova_v2_validation_n240_r2_55_borderline","validation","borderline",240,10000,20260842,0.6,0.591,0.00900000000000001,0.02,TRUE,FALSE
"lm_ancova_v2_validation_n240_r2_55_clear","validation","clear",240,10000,20260843,0.9,0.8988,0.00119999999999998,0.02,TRUE,FALSE
"lm_ancova_v2_validation_n240_r2_55_null","validation","null",240,10000,20260844,0.05,0.0493,0.000700000000000006,0.02,TRUE,FALSE
"lm_ancova_v2_validation_n60_r2_25_borderline","validation","borderline",60,10000,20260845,0.6,0.5931,0.00690000000000002,0.02,TRUE,FALSE
"lm_ancova_v2_validation_n60_r2_25_clear","validation","clear",60,10000,20260846,0.9,0.889,0.011,0.02,TRUE,FALSE
"lm_ancova_v2_validation_n60_r2_25_null","validation","null",60,10000,20260847,0.05,0.0504,0.000399999999999998,0.02,TRUE,FALSE
"lm_ancova_v2_validation_n60_r2_55_borderline","validation","borderline",60,10000,20260848,0.6,0.5976,0.00239999999999996,0.02,TRUE,FALSE
"lm_ancova_v2_validation_n60_r2_55_clear","validation","clear",60,10000,20260849,0.9,0.898,0.002,0.02,TRUE,FALSE
"lm_ancova_v2_validation_n60_r2_55_null","validation","null",60,10000,20260850,0.05,0.0511,0.0011,0.02,TRUE,FALSE
