"scenario_id","design_layer","truth","n_group1","n_group2","sd_group1","sd_group2","delta","target_power","simulated_power","abs_error","tolerance","draws","verification_seed","analysis_failures","used_robustness_score","power_gate_pass"
"WTR-W01-null","training","null",25,25,1,1,0,0.05,0.052,0.00199999999999999,0.03,2000,202650001,0,FALSE,TRUE
"WTR-W01-borderline","training","borderline",25,25,1,1,0.638833493270741,0.6,0.5995,0.000499999999999945,0.03,2000,202650002,0,FALSE,TRUE
"WTR-W01-clear","training","clear",25,25,1,1,1.04068683061428,0.95,0.9505,0.000500000000000056,0.03,2000,202650003,0,FALSE,TRUE
"WTR-W02-null","training","null",50,50,1,2,0,0.05,0.051,0.000999999999999994,0.03,2000,202650004,0,FALSE,TRUE
"WTR-W02-borderline","training","borderline",50,50,1,2,0.709374360548346,0.6,0.619,0.019,0.03,2000,202650005,0,FALSE,TRUE
"WTR-W02-clear","training","clear",50,50,1,2,1.15547600048208,0.95,0.9505,0.000500000000000056,0.03,2000,202650006,0,FALSE,TRUE
"WTR-W03-null","training","null",100,100,2,1,0,0.05,0.0465,0.0035,0.03,2000,202650007,0,FALSE,TRUE
"WTR-W03-borderline","training","borderline",100,100,2,1,0.498192864033678,0.6,0.6145,0.0145000000000001,0.03,2000,202650008,0,FALSE,TRUE
"WTR-W03-clear","training","clear",100,100,2,1,0.811437268897922,0.95,0.9525,0.00250000000000006,0.03,2000,202650009,0,FALSE,TRUE
"WTR-W04-null","training","null",200,200,1,1,0,0.05,0.044,0.006,0.03,2000,202650010,0,FALSE,TRUE
"WTR-W04-borderline","training","borderline",200,200,1,1,0.221862803466969,0.6,0.6065,0.00650000000000006,0.03,2000,202650011,0,FALSE,TRUE
"WTR-W04-clear","training","clear",200,200,1,1,0.361355062060358,0.95,0.9485,0.00149999999999995,0.03,2000,202650012,0,FALSE,TRUE
"WTR-W05-null","training","null",40,60,1,2,0,0.05,0.06,0.01,0.03,2000,202650013,0,FALSE,TRUE
"WTR-W05-borderline","training","borderline",40,60,1,2,0.677184999582314,0.6,0.608,0.00800000000000001,0.03,2000,202650014,0,FALSE,TRUE
"WTR-W05-clear","training","clear",40,60,1,2,1.10300737481782,0.95,0.949,0.001,0.03,2000,202650015,0,FALSE,TRUE
"WTR-W06-null","training","null",60,40,2,1,0,0.05,0.0545,0.0045,0.03,2000,202650016,0,FALSE,TRUE
"WTR-W06-borderline","training","borderline",60,40,2,1,0.677184999582314,0.6,0.6075,0.00750000000000006,0.03,2000,202650017,0,FALSE,TRUE
"WTR-W06-clear","training","clear",60,40,2,1,1.10300737481782,0.95,0.9355,0.0145,0.03,2000,202650018,0,FALSE,TRUE
"WVA-W01-null","validation","null",25,25,1,1,0,0.05,0.056,0.006,0.03,2000,202650019,0,FALSE,TRUE
"WVA-W01-borderline","validation","borderline",25,25,1,1,0.638833493270741,0.6,0.5905,0.00949999999999995,0.03,2000,202650020,0,FALSE,TRUE
"WVA-W01-clear","validation","clear",25,25,1,1,1.04068683061428,0.95,0.9365,0.0135,0.03,2000,202650021,0,FALSE,TRUE
"WVA-W02-null","validation","null",50,50,1,2,0,0.05,0.043,0.00700000000000001,0.03,2000,202650022,0,FALSE,TRUE
"WVA-W02-borderline","validation","borderline",50,50,1,2,0.709374360548346,0.6,0.603,0.003,0.03,2000,202650023,0,FALSE,TRUE
"WVA-W02-clear","validation","clear",50,50,1,2,1.15547600048208,0.95,0.946,0.004,0.03,2000,202650024,0,FALSE,TRUE
"WVA-W03-null","validation","null",100,100,2,1,0,0.05,0.053,0.003,0.03,2000,202650025,0,FALSE,TRUE
"WVA-W03-borderline","validation","borderline",100,100,2,1,0.498192864033678,0.6,0.609,0.00900000000000001,0.03,2000,202650026,0,FALSE,TRUE
"WVA-W03-clear","validation","clear",100,100,2,1,0.811437268897922,0.95,0.9555,0.00550000000000006,0.03,2000,202650027,0,FALSE,TRUE
"WVA-W04-null","validation","null",200,200,1,1,0,0.05,0.0435,0.00650000000000001,0.03,2000,202650028,0,FALSE,TRUE
"WVA-W04-borderline","validation","borderline",200,200,1,1,0.221862803466969,0.6,0.5935,0.00649999999999995,0.03,2000,202650029,0,FALSE,TRUE
"WVA-W04-clear","validation","clear",200,200,1,1,0.361355062060358,0.95,0.9495,0.000499999999999945,0.03,2000,202650030,0,FALSE,TRUE
"WVA-W05-null","validation","null",40,60,1,2,0,0.05,0.0495,5e-04,0.03,2000,202650031,0,FALSE,TRUE
"WVA-W05-borderline","validation","borderline",40,60,1,2,0.677184999582314,0.6,0.595,0.005,0.03,2000,202650032,0,FALSE,TRUE
"WVA-W05-clear","validation","clear",40,60,1,2,1.10300737481782,0.95,0.944,0.006,0.03,2000,202650033,0,FALSE,TRUE
"WVA-W06-null","validation","null",60,40,2,1,0,0.05,0.055,0.005,0.03,2000,202650034,0,FALSE,TRUE
"WVA-W06-borderline","validation","borderline",60,40,2,1,0.677184999582314,0.6,0.5855,0.0145,0.03,2000,202650035,0,FALSE,TRUE
"WVA-W06-clear","validation","clear",60,40,2,1,1.10300737481782,0.95,0.9425,0.00749999999999995,0.03,2000,202650036,0,FALSE,TRUE
