"scenario_id","archetype_id","design_layer","study_role","required_for_fit","required_for_acceptance","truth","distribution","n_group1","n_group2","sd_group1","sd_group2","delta","target_power","alpha","n_boot","max_removal_pct","replicate_quota","draw_cap","seed","contamination_fraction","contamination_offset"
"WTR-W01-null","W01","training","candidate_fitting",TRUE,FALSE,"null","normal",25,25,1,1,0,0,0.05,1000,0.3,250,20000,202610001,0,0
"WTR-W01-borderline","W01","training","candidate_fitting",TRUE,FALSE,"borderline","normal",25,25,1,1,0.638833493270741,0.6,0.05,1000,0.3,250,20000,202610002,0,0
"WTR-W01-clear","W01","training","candidate_fitting",TRUE,FALSE,"clear","normal",25,25,1,1,1.04068683061428,0.95,0.05,1000,0.3,250,20000,202610003,0,0
"WTR-W02-null","W02","training","candidate_fitting",TRUE,FALSE,"null","normal",50,50,1,2,0,0,0.05,1000,0.3,250,20000,202610004,0,0
"WTR-W02-borderline","W02","training","candidate_fitting",TRUE,FALSE,"borderline","normal",50,50,1,2,0.709374360548346,0.6,0.05,1000,0.3,250,20000,202610005,0,0
"WTR-W02-clear","W02","training","candidate_fitting",TRUE,FALSE,"clear","normal",50,50,1,2,1.15547600048208,0.95,0.05,1000,0.3,250,20000,202610006,0,0
"WTR-W03-null","W03","training","candidate_fitting",TRUE,FALSE,"null","normal",100,100,2,1,0,0,0.05,1000,0.3,250,20000,202610007,0,0
"WTR-W03-borderline","W03","training","candidate_fitting",TRUE,FALSE,"borderline","normal",100,100,2,1,0.498192864033678,0.6,0.05,1000,0.3,250,20000,202610008,0,0
"WTR-W03-clear","W03","training","candidate_fitting",TRUE,FALSE,"clear","normal",100,100,2,1,0.811437268897922,0.95,0.05,1000,0.3,250,20000,202610009,0,0
"WTR-W04-null","W04","training","candidate_fitting",TRUE,FALSE,"null","normal",200,200,1,1,0,0,0.05,1000,0.3,250,20000,202610010,0,0
"WTR-W04-borderline","W04","training","candidate_fitting",TRUE,FALSE,"borderline","normal",200,200,1,1,0.221862803466969,0.6,0.05,1000,0.3,250,20000,202610011,0,0
"WTR-W04-clear","W04","training","candidate_fitting",TRUE,FALSE,"clear","normal",200,200,1,1,0.361355062060358,0.95,0.05,1000,0.3,250,20000,202610012,0,0
"WTR-W05-null","W05","training","candidate_fitting",TRUE,FALSE,"null","normal",40,60,1,2,0,0,0.05,1000,0.3,250,20000,202610013,0,0
"WTR-W05-borderline","W05","training","candidate_fitting",TRUE,FALSE,"borderline","normal",40,60,1,2,0.677184999582314,0.6,0.05,1000,0.3,250,20000,202610014,0,0
"WTR-W05-clear","W05","training","candidate_fitting",TRUE,FALSE,"clear","normal",40,60,1,2,1.10300737481782,0.95,0.05,1000,0.3,250,20000,202610015,0,0
"WTR-W06-null","W06","training","candidate_fitting",TRUE,FALSE,"null","normal",60,40,2,1,0,0,0.05,1000,0.3,250,20000,202610016,0,0
"WTR-W06-borderline","W06","training","candidate_fitting",TRUE,FALSE,"borderline","normal",60,40,2,1,0.677184999582314,0.6,0.05,1000,0.3,250,20000,202610017,0,0
"WTR-W06-clear","W06","training","candidate_fitting",TRUE,FALSE,"clear","normal",60,40,2,1,1.10300737481782,0.95,0.05,1000,0.3,250,20000,202610018,0,0
"WVA-W01-null","W01","validation","confirmation",FALSE,TRUE,"null","normal",25,25,1,1,0,0,0.05,1000,0.3,250,20000,202620001,0,0
"WVA-W01-borderline","W01","validation","confirmation",FALSE,TRUE,"borderline","normal",25,25,1,1,0.638833493270741,0.6,0.05,1000,0.3,250,20000,202620002,0,0
"WVA-W01-clear","W01","validation","confirmation",FALSE,TRUE,"clear","normal",25,25,1,1,1.04068683061428,0.95,0.05,1000,0.3,250,20000,202620003,0,0
"WVA-W02-null","W02","validation","confirmation",FALSE,TRUE,"null","normal",50,50,1,2,0,0,0.05,1000,0.3,250,20000,202620004,0,0
"WVA-W02-borderline","W02","validation","confirmation",FALSE,TRUE,"borderline","normal",50,50,1,2,0.709374360548346,0.6,0.05,1000,0.3,250,20000,202620005,0,0
"WVA-W02-clear","W02","validation","confirmation",FALSE,TRUE,"clear","normal",50,50,1,2,1.15547600048208,0.95,0.05,1000,0.3,250,20000,202620006,0,0
"WVA-W03-null","W03","validation","confirmation",FALSE,TRUE,"null","normal",100,100,2,1,0,0,0.05,1000,0.3,250,20000,202620007,0,0
"WVA-W03-borderline","W03","validation","confirmation",FALSE,TRUE,"borderline","normal",100,100,2,1,0.498192864033678,0.6,0.05,1000,0.3,250,20000,202620008,0,0
"WVA-W03-clear","W03","validation","confirmation",FALSE,TRUE,"clear","normal",100,100,2,1,0.811437268897922,0.95,0.05,1000,0.3,250,20000,202620009,0,0
"WVA-W04-null","W04","validation","confirmation",FALSE,TRUE,"null","normal",200,200,1,1,0,0,0.05,1000,0.3,250,20000,202620010,0,0
"WVA-W04-borderline","W04","validation","confirmation",FALSE,TRUE,"borderline","normal",200,200,1,1,0.221862803466969,0.6,0.05,1000,0.3,250,20000,202620011,0,0
"WVA-W04-clear","W04","validation","confirmation",FALSE,TRUE,"clear","normal",200,200,1,1,0.361355062060358,0.95,0.05,1000,0.3,250,20000,202620012,0,0
"WVA-W05-null","W05","validation","confirmation",FALSE,TRUE,"null","normal",40,60,1,2,0,0,0.05,1000,0.3,250,20000,202620013,0,0
"WVA-W05-borderline","W05","validation","confirmation",FALSE,TRUE,"borderline","normal",40,60,1,2,0.677184999582314,0.6,0.05,1000,0.3,250,20000,202620014,0,0
"WVA-W05-clear","W05","validation","confirmation",FALSE,TRUE,"clear","normal",40,60,1,2,1.10300737481782,0.95,0.05,1000,0.3,250,20000,202620015,0,0
"WVA-W06-null","W06","validation","confirmation",FALSE,TRUE,"null","normal",60,40,2,1,0,0,0.05,1000,0.3,250,20000,202620016,0,0
"WVA-W06-borderline","W06","validation","confirmation",FALSE,TRUE,"borderline","normal",60,40,2,1,0.677184999582314,0.6,0.05,1000,0.3,250,20000,202620017,0,0
"WVA-W06-clear","W06","validation","confirmation",FALSE,TRUE,"clear","normal",60,40,2,1,1.10300737481782,0.95,0.05,1000,0.3,250,20000,202620018,0,0
"WST-T5-null","ST-T5","stress","stress_reporting",FALSE,FALSE,"null","student_t5",50,50,1,1,0,0,0.05,1000,0.3,250,20000,202630001,0,0
"WST-T5-clear","ST-T5","stress","stress_reporting",FALSE,FALSE,"clear","student_t5",50,50,1,1,0.728144462372595,0.95,0.05,1000,0.3,250,20000,202630002,0,0
"WST-LN-null","ST-LN","stress","stress_reporting",FALSE,FALSE,"null","centered_lognormal",100,100,1,1,0,0,0.05,1000,0.3,250,20000,202630003,0,0
"WST-LN-clear","ST-LN","stress","stress_reporting",FALSE,FALSE,"clear","centered_lognormal",100,100,1,1,0.512290805284195,0.95,0.05,1000,0.3,250,20000,202630004,0,0
"WST-GE-null","ST-GE","stress","stress_reporting",FALSE,FALSE,"null","gross_error_treatment",50,50,1,1,0,0,0.05,1000,0.3,250,20000,202630005,0.05,8
"WST-GE-clear","ST-GE","stress","stress_reporting",FALSE,FALSE,"clear","gross_error_treatment",50,50,1,1,0.728144462372595,0.95,0.05,1000,0.3,250,20000,202630006,0.05,8
