"scenario_id","design_layer","truth","attempted","screened","screened_significant","completed","failed","screening_failed","analysis_failed","excluded","pending","quota","draw_cap","failure_rate","quota_met","occupancy_pass"
"WTR-W01-borderline","training","borderline",408,408,250,250,0,0,0,158,0,250,20000,0,TRUE,TRUE
"WTR-W01-clear","training","clear",269,269,250,250,0,0,0,19,0,250,20000,0,TRUE,TRUE
"WTR-W01-null","training","null",4946,4946,250,250,0,0,0,4696,0,250,20000,0,TRUE,TRUE
"WTR-W02-borderline","training","borderline",398,398,250,250,0,0,0,148,0,250,20000,0,TRUE,TRUE
"WTR-W02-clear","training","clear",260,260,250,250,0,0,0,10,0,250,20000,0,TRUE,TRUE
"WTR-W02-null","training","null",4333,4333,250,250,0,0,0,4083,0,250,20000,0,TRUE,TRUE
"WTR-W03-borderline","training","borderline",370,370,250,250,0,0,0,120,0,250,20000,0,TRUE,TRUE
"WTR-W03-clear","training","clear",265,265,250,250,0,0,0,15,0,250,20000,0,TRUE,TRUE
"WTR-W03-null","training","null",5733,5733,250,250,0,0,0,5483,0,250,20000,0,TRUE,TRUE
"WTR-W04-borderline","training","borderline",432,432,250,250,0,0,0,182,0,250,20000,0,TRUE,TRUE
"WTR-W04-clear","training","clear",264,264,250,250,0,0,0,14,0,250,20000,0,TRUE,TRUE
"WTR-W04-null","training","null",5008,5008,250,250,0,0,0,4758,0,250,20000,0,TRUE,TRUE
"WTR-W05-borderline","training","borderline",410,410,250,250,0,0,0,160,0,250,20000,0,TRUE,TRUE
"WTR-W05-clear","training","clear",268,268,250,250,0,0,0,18,0,250,20000,0,TRUE,TRUE
"WTR-W05-null","training","null",4978,4978,250,250,0,0,0,4728,0,250,20000,0,TRUE,TRUE
"WTR-W06-borderline","training","borderline",436,436,250,250,0,0,0,186,0,250,20000,0,TRUE,TRUE
"WTR-W06-clear","training","clear",265,265,250,250,0,0,0,15,0,250,20000,0,TRUE,TRUE
"WTR-W06-null","training","null",5170,5170,250,250,0,0,0,4920,0,250,20000,0,TRUE,TRUE
